<!DOCTYPE hibernate-configuration PUBLIC
        "-//Hibernate/Hibernate Configuration DTD 3.0//EN"
        "http://www.hibernate.org/dtd/hibernate-configuration-3.0.dtd">

<hibernate-configuration>
    <session-factory>
        <property name="hibernate.dialect">org.hibernate.dialect.PostgreSQLDialect</property>
        <property name="hibernate.connection.driver_class">org.postgresql.Driver</property>
        <property name="hibernate.connection.username">postgres</property>
        <property name="hibernate.connection.password">0000</property>
        <property name="hibernate.connection.url">jdbc:postgresql://127.0.0.1:5432/Doppelkopf_Table?createDatabaseIfNotExist=true</property>
		<property name="connection_pool_size">20</property>
		<property name="hbm2ddl.auto">update</property>
		<property name="show_sql">true</property>
		<mapping class="de.fh-dortmund.swt.doppelkopf.Player"/>

    </session-factory>
    <!-- https://mvnrepository.com/artifact/postgresql/postgresql -->
</hibernate-configuration>
